Type,File,Label,x_min,y_min,x_max,y_min,x_max,y_max,x_min,y_max
TRAIN,gs://gg_bearings_flanged_dataset/08fdp412-2019-12-19T10:01:04.954Z.jpg,OD_ChamferAngle,0.03325123,0.15853658,0.0862069,0.15853658,0.0862069,0.31707317,0.03325123,0.31707317
TRAIN,gs://gg_bearings_flanged_dataset/08fdp412-2019-12-19T10:01:04.954Z.jpg,Inspection_Procedure,0.70197046,0.033101045,0.9729064,0.033101045,0.9729064,0.21254355,0.70197046,0.21254355
TRAIN,gs://gg_bearings_flanged_dataset/08fdp412-2019-12-19T10:01:04.954Z.jpg,Flange_Diameter,0.113300495,0.40940768,0.21551724,0.40940768,0.21551724,0.66376305,0.113300495,0.66376305
TRAIN,gs://gg_bearings_flanged_dataset/08fdp412-2019-12-19T10:01:04.954Z.jpg,Index_And_Date,0.023399014,0.9163763,0.14162561,0.9163763,0.14162561,0.9686411,0.023399014,0.9686411
TRAIN,gs://gg_bearings_flanged_dataset/08fdp412-2019-12-19T10:01:04.954Z.jpg,Flange_BendRadius,0.2536946,0.42682928,0.4371921,0.42682928,0.4371921,0.7020906,0.2536946,0.7020906
TRAIN,gs://gg_bearings_flanged_dataset/08fdp412-2019-12-19T10:01:04.954Z.jpg,ID_CornerBreak,0.1268473,0.05226481,0.2992611,0.05226481,0.2992611,0.13240418,0.1268473,0.13240418
TRAIN,gs://gg_bearings_flanged_dataset/08fdp412-2019-12-19T10:01:04.954Z.jpg,table,0.523399,0.7020906,0.97906405,0.7020906,0.97906405,0.9703833,0.523399,0.9703833
TRAIN,gs://gg_bearings_flanged_dataset/08fdp412-2019-12-19T10:01:04.954Z.jpg,OD_ChamferLength,0.12192118,0.21428572,0.28817734,0.21428572,0.28817734,0.28745645,0.12192118,0.28745645
TRAIN,gs://gg_bearings_flanged_dataset/08fdp412-2019-12-19T10:01:04.954Z.jpg,Length_And_FlangeThickness,0.1317734,0.31358886,0.4224138,0.31358886,0.4224138,0.40243903,0.1317734,0.40243903
TRAIN,gs://gg_bearings_flanged_dataset/08fdp412-2019-12-19T10:01:04.954Z.jpg,Assembly_Dimensions,0.3091133,0.033101045,0.6810345,0.033101045,0.6810345,0.18118466,0.3091133,0.18118466
TRAIN,gs://gg_bearings_flanged_dataset/06FDP408_RevA1-2019-12-09T06:43:25.717Z.png,Index_And_Date,0.023201857,0.91639346,0.14153132,0.91639346,0.14153132,0.96885246,0.023201857,0.96885246
TRAIN,gs://gg_bearings_flanged_dataset/06FDP408_RevA1-2019-12-09T06:43:25.717Z.png,ID_CornerBreak,0.12529002,0.040983606,0.30278423,0.040983606,0.30278423,0.13606557,0.12529002,0.13606557
TRAIN,gs://gg_bearings_flanged_dataset/06FDP408_RevA1-2019-12-09T06:43:25.717Z.png,Inspection_Procedure,0.70185614,0.031147541,0.9814385,0.031147541,0.9814385,0.20819671,0.70185614,0.20819671
TRAIN,gs://gg_bearings_flanged_dataset/06FDP408_RevA1-2019-12-09T06:43:25.717Z.png,OD_ChamferLength,0.122969836,0.2147541,0.28306264,0.2147541,0.28306264,0.28688523,0.122969836,0.28688523
TRAIN,gs://gg_bearings_flanged_dataset/06FDP408_RevA1-2019-12-09T06:43:25.717Z.png,Flange_BendRadius,0.28538284,0.42131147,0.47215778,0.42131147,0.47215778,0.66721314,0.28538284,0.66721314
TRAIN,gs://gg_bearings_flanged_dataset/06FDP408_RevA1-2019-12-09T06:43:25.717Z.png,OD_ChamferAngle,0.03828306,0.14262295,0.105568446,0.14262295,0.105568446,0.30983606,0.03828306,0.30983606
TRAIN,gs://gg_bearings_flanged_dataset/06FDP408_RevA1-2019-12-09T06:43:25.717Z.png,Flange_Diameter,0.1276102,0.4180328,0.22389792,0.4180328,0.22389792,0.61639345,0.1276102,0.61639345
TRAIN,gs://gg_bearings_flanged_dataset/06FDP408_RevA1-2019-12-09T06:43:25.717Z.png,Assembly_Dimensions,0.3085847,0.031147541,0.6798144,0.031147541,0.6798144,0.18196721,0.3085847,0.18196721
TRAIN,gs://gg_bearings_flanged_dataset/06FDP408_RevA1-2019-12-09T06:43:25.717Z.png,table,0.5232019,0.70163935,0.97795826,0.70163935,0.97795826,0.9704918,0.5232019,0.9704918
TRAIN,gs://gg_bearings_flanged_dataset/06FDP408_RevA1-2019-12-09T06:43:25.717Z.png,Length_And_FlangeThickness,0.18329467,0.29344264,0.43039444,0.29344264,0.43039444,0.40327868,0.18329467,0.40327868
TRAIN,gs://gg_bearings_flanged_dataset/08fdp412_revagen2-2019-12-19T10:57:10.932Z.jpg,Length_And_FlangeThickness,0.14404762,0.3097643,0.40714285,0.3097643,0.40714285,0.4040404,0.14404762,0.4040404
TRAIN,gs://gg_bearings_flanged_dataset/08fdp412_revagen2-2019-12-19T10:57:10.932Z.jpg,Index_And_Date,0.022619048,0.9141414,0.14285715,0.9141414,0.14285715,0.96801347,0.022619048,0.96801347
TRAIN,gs://gg_bearings_flanged_dataset/08fdp412_revagen2-2019-12-19T10:57:10.932Z.jpg,Inspection_Procedure,0.7011905,0.03198653,0.97738093,0.03198653,0.97738093,0.21212122,0.7011905,0.21212122
TRAIN,gs://gg_bearings_flanged_dataset/08fdp412_revagen2-2019-12-19T10:57:10.932Z.jpg,OD_ChamferAngle,0.03214286,0.16666667,0.086904764,0.16666667,0.086904764,0.3097643,0.03214286,0.3097643
TRAIN,gs://gg_bearings_flanged_dataset/08fdp412_revagen2-2019-12-19T10:57:10.932Z.jpg,Flange_BendRadius,0.25238097,0.42255893,0.44523808,0.42255893,0.44523808,0.6986532,0.25238097,0.6986532
TRAIN,gs://gg_bearings_flanged_dataset/08fdp412_revagen2-2019-12-19T10:57:10.932Z.jpg,table,0.52380955,0.7037037,0.9785714,0.7037037,0.9785714,0.9713805,0.52380955,0.9713805
TRAIN,gs://gg_bearings_flanged_dataset/08fdp412_revagen2-2019-12-19T10:57:10.932Z.jpg,ID_CornerBreak,0.12857144,0.057239056,0.30238095,0.057239056,0.30238095,0.12794612,0.12857144,0.12794612
TRAIN,gs://gg_bearings_flanged_dataset/08fdp412_revagen2-2019-12-19T10:57:10.932Z.jpg,Assembly_Dimensions,0.30952382,0.030303031,0.6797619,0.030303031,0.6797619,0.18013468,0.30952382,0.18013468
TRAIN,gs://gg_bearings_flanged_dataset/08fdp412_revagen2-2019-12-19T10:57:10.932Z.jpg,OD_ChamferLength,0.125,0.21548821,0.28928572,0.21548821,0.28928572,0.28114477,0.125,0.28114477
TRAIN,gs://gg_bearings_flanged_dataset/08fdp412_revagen2-2019-12-19T10:57:10.932Z.jpg,Flange_Diameter,0.11904762,0.4124579,0.20833333,0.4124579,0.20833333,0.6515151,0.11904762,0.6515151
TRAIN,gs://gg_bearings_flanged_dataset/08fdp412gen2-2019-12-19T10:57:10.932Z.jpg,Index_And_Date,0.023809524,0.9141414,0.14166667,0.9141414,0.14166667,0.96801347,0.023809524,0.96801347
TRAIN,gs://gg_bearings_flanged_dataset/08fdp412gen2-2019-12-19T10:57:10.932Z.jpg,ID_CornerBreak,0.114285715,0.05050505,0.30357143,0.05050505,0.30357143,0.12962963,0.114285715,0.12962963
TRAIN,gs://gg_bearings_flanged_dataset/08fdp412gen2-2019-12-19T10:57:10.932Z.jpg,Inspection_Procedure,0.70238096,0.03198653,0.9785714,0.03198653,0.9785714,0.2138047,0.70238096,0.2138047
TRAIN,gs://gg_bearings_flanged_dataset/08fdp412gen2-2019-12-19T10:57:10.932Z.jpg,Flange_Diameter,0.10357143,0.4074074,0.20833333,0.4074074,0.20833333,0.6666667,0.10357143,0.6666667
TRAIN,gs://gg_bearings_flanged_dataset/08fdp412gen2-2019-12-19T10:57:10.932Z.jpg,OD_ChamferLength,0.12619048,0.21548821,0.2761905,0.21548821,0.2761905,0.28282827,0.12619048,0.28282827
TRAIN,gs://gg_bearings_flanged_dataset/08fdp412gen2-2019-12-19T10:57:10.932Z.jpg,Flange_BendRadius,0.25238097,0.41582492,0.45357144,0.41582492,0.45357144,0.6952862,0.25238097,0.6952862
TRAIN,gs://gg_bearings_flanged_dataset/08fdp412gen2-2019-12-19T10:57:10.932Z.jpg,OD_ChamferAngle,0.027380953,0.15824915,0.083333336,0.15824915,0.083333336,0.3114478,0.027380953,0.3114478
TRAIN,gs://gg_bearings_flanged_dataset/08fdp412gen2-2019-12-19T10:57:10.932Z.jpg,Length_And_FlangeThickness,0.120238096,0.30639732,0.41190475,0.30639732,0.41190475,0.4023569,0.120238096,0.4023569
TRAIN,gs://gg_bearings_flanged_dataset/08fdp412gen2-2019-12-19T10:57:10.932Z.jpg,Assembly_Dimensions,0.30833334,0.030303031,0.68095237,0.030303031,0.68095237,0.18350169,0.30833334,0.18350169
TRAIN,gs://gg_bearings_flanged_dataset/08fdp412gen2-2019-12-19T10:57:10.932Z.jpg,table,0.5214286,0.70538723,0.97738093,0.70538723,0.97738093,0.969697,0.5214286,0.969697
TRAIN,gs://gg_bearings_flanged_dataset/pt$06fdp408$a$en-2019-12-19T10:01:04.954Z.jpg,Index_And_Date,0.022619048,0.9141414,0.14285715,0.9141414,0.14285715,0.9713805,0.022619048,0.9713805
TRAIN,gs://gg_bearings_flanged_dataset/pt$06fdp408$a$en-2019-12-19T10:01:04.954Z.jpg,Inspection_Procedure,0.7011905,0.033670034,0.97619045,0.033670034,0.97619045,0.2138047,0.7011905,0.2138047
TRAIN,gs://gg_bearings_flanged_dataset/pt$06fdp408$a$en-2019-12-19T10:01:04.954Z.jpg,Assembly_Dimensions,0.30833334,0.030303031,0.6797619,0.030303031,0.6797619,0.18181819,0.30833334,0.18181819
TRAIN,gs://gg_bearings_flanged_dataset/pt$06fdp408$a$en-2019-12-19T10:01:04.954Z.jpg,Length_And_FlangeThickness,0.1797619,0.30471382,0.45,0.30471382,0.45,0.4074074,0.1797619,0.4074074
TRAIN,gs://gg_bearings_flanged_dataset/pt$06fdp408$a$en-2019-12-19T10:01:04.954Z.jpg,OD_ChamferAngle,0.039285716,0.16498317,0.0952381,0.16498317,0.0952381,0.30808082,0.039285716,0.30808082
TRAIN,gs://gg_bearings_flanged_dataset/pt$06fdp408$a$en-2019-12-19T10:01:04.954Z.jpg,ID_CornerBreak,0.12142857,0.043771043,0.29880953,0.043771043,0.29880953,0.13299663,0.12142857,0.13299663
TRAIN,gs://gg_bearings_flanged_dataset/pt$06fdp408$a$en-2019-12-19T10:01:04.954Z.jpg,OD_ChamferLength,0.123809524,0.21548821,0.28214285,0.21548821,0.28214285,0.2929293,0.123809524,0.2929293
TRAIN,gs://gg_bearings_flanged_dataset/pt$06fdp408$a$en-2019-12-19T10:01:04.954Z.jpg,table,0.52261907,0.7037037,0.9785714,0.7037037,0.9785714,0.96633,0.52261907,0.96633
TRAIN,gs://gg_bearings_flanged_dataset/pt$06fdp408$a$en-2019-12-19T10:01:04.954Z.jpg,Flange_BendRadius,0.2952381,0.42424244,0.46785715,0.42424244,0.46785715,0.66498315,0.2952381,0.66498315
TRAIN,gs://gg_bearings_flanged_dataset/pt$06fdp408$a$en-2019-12-19T10:01:04.954Z.jpg,Flange_Diameter,0.125,0.41582492,0.22261904,0.41582492,0.22261904,0.6212121,0.125,0.6212121
TRAIN,gs://gg_bearings_flanged_dataset/08FDP404_RevA1-2019-12-09T06:43:25.717Z.png,Assembly_Dimensions,0.30974478,0.032786883,0.6809745,0.032786883,0.6809745,0.18196721,0.30974478,0.18196721
TRAIN,gs://gg_bearings_flanged_dataset/08FDP404_RevA1-2019-12-09T06:43:25.717Z.png,ID_CornerBreak,0.12180974,0.06393442,0.30162412,0.06393442,0.30162412,0.13606557,0.12180974,0.13606557
TRAIN,gs://gg_bearings_flanged_dataset/08FDP404_RevA1-2019-12-09T06:43:25.717Z.png,Flange_BendRadius,0.29234338,0.4262295,0.49419954,0.4262295,0.49419954,0.6885246,0.29234338,0.6885246
TRAIN,gs://gg_bearings_flanged_dataset/08FDP404_RevA1-2019-12-09T06:43:25.717Z.png,table,0.5232019,0.7065574,0.98027843,0.7065574,0.98027843,0.9704918,0.5232019,0.9704918
TRAIN,gs://gg_bearings_flanged_dataset/08FDP404_RevA1-2019-12-09T06:43:25.717Z.png,OD_ChamferLength,0.12064965,0.21803279,0.27958238,0.21803279,0.27958238,0.27704918,0.12064965,0.27704918
TRAIN,gs://gg_bearings_flanged_dataset/08FDP404_RevA1-2019-12-09T06:43:25.717Z.png,Inspection_Procedure,0.70069605,0.032786883,0.98027843,0.032786883,0.98027843,0.20983607,0.70069605,0.20983607
TRAIN,gs://gg_bearings_flanged_dataset/08FDP404_RevA1-2019-12-09T06:43:25.717Z.png,Index_And_Date,0.02436195,0.91639346,0.14153132,0.91639346,0.14153132,0.9704918,0.02436195,0.9704918
TRAIN,gs://gg_bearings_flanged_dataset/08FDP404_RevA1-2019-12-09T06:43:25.717Z.png,Flange_Diameter,0.14733179,0.42459017,0.26334107,0.42459017,0.26334107,0.6409836,0.14733179,0.6409836
TRAIN,gs://gg_bearings_flanged_dataset/08FDP404_RevA1-2019-12-09T06:43:25.717Z.png,Length_And_FlangeThickness,0.18097448,0.29016393,0.46171695,0.29016393,0.46171695,0.4180328,0.18097448,0.4180328
TRAIN,gs://gg_bearings_flanged_dataset/08FDP404_RevA1-2019-12-09T06:43:25.717Z.png,OD_ChamferAngle,0.034802783,0.14918032,0.09976798,0.14918032,0.09976798,0.31311476,0.034802783,0.31311476
TRAIN,gs://gg_bearings_flanged_dataset/06fdp408gen2-2019-12-19T10:57:10.931Z.jpg,Length_And_FlangeThickness,0.15833333,0.3013468,0.43928573,0.3013468,0.43928573,0.4057239,0.15833333,0.4057239
TRAIN,gs://gg_bearings_flanged_dataset/06fdp408gen2-2019-12-19T10:57:10.931Z.jpg,OD_ChamferAngle,0.04404762,0.17171717,0.09642857,0.17171717,0.09642857,0.30639732,0.04404762,0.30639732
TRAIN,gs://gg_bearings_flanged_dataset/06fdp408gen2-2019-12-19T10:57:10.931Z.jpg,ID_CornerBreak,0.11904762,0.052188553,0.30119047,0.052188553,0.30119047,0.13131313,0.11904762,0.13131313
TRAIN,gs://gg_bearings_flanged_dataset/06fdp408gen2-2019-12-19T10:57:10.931Z.jpg,Assembly_Dimensions,0.30833334,0.033670034,0.677381,0.033670034,0.677381,0.17676768,0.30833334,0.17676768
TRAIN,gs://gg_bearings_flanged_dataset/06fdp408gen2-2019-12-19T10:57:10.931Z.jpg,Flange_Diameter,0.125,0.41582492,0.225,0.41582492,0.225,0.6195286,0.125,0.6195286
TRAIN,gs://gg_bearings_flanged_dataset/06fdp408gen2-2019-12-19T10:57:10.931Z.jpg,table,0.5202381,0.7037037,0.9785714,0.7037037,0.9785714,0.9713805,0.5202381,0.9713805
TRAIN,gs://gg_bearings_flanged_dataset/06fdp408gen2-2019-12-19T10:57:10.931Z.jpg,Inspection_Procedure,0.7,0.03198653,0.97738093,0.03198653,0.97738093,0.21548821,0.7,0.21548821
TRAIN,gs://gg_bearings_flanged_dataset/06fdp408gen2-2019-12-19T10:57:10.931Z.jpg,OD_ChamferLength,0.12261905,0.21548821,0.27738094,0.21548821,0.27738094,0.28956228,0.12261905,0.28956228
TRAIN,gs://gg_bearings_flanged_dataset/06fdp408gen2-2019-12-19T10:57:10.931Z.jpg,Flange_BendRadius,0.29642856,0.41750842,0.47619048,0.41750842,0.47619048,0.68686867,0.29642856,0.68686867
TRAIN,gs://gg_bearings_flanged_dataset/06fdp408gen2-2019-12-19T10:57:10.931Z.jpg,Index_And_Date,0.022619048,0.9124579,0.14285715,0.9124579,0.14285715,0.9713805,0.022619048,0.9713805
TRAIN,gs://gg_bearings_flanged_dataset/08fdp404_revagen2-2019-12-19T10:57:10.932Z.jpg,table,0.52261907,0.70538723,0.97738093,0.70538723,0.97738093,0.9713805,0.52261907,0.9713805
TRAIN,gs://gg_bearings_flanged_dataset/08fdp404_revagen2-2019-12-19T10:57:10.932Z.jpg,Index_And_Date,0.022619048,0.9141414,0.14404762,0.9141414,0.14404762,0.969697,0.022619048,0.969697
TRAIN,gs://gg_bearings_flanged_dataset/08fdp404_revagen2-2019-12-19T10:57:10.932Z.jpg,ID_CornerBreak,0.11785714,0.05050505,0.29642856,0.05050505,0.29642856,0.13299663,0.11785714,0.13299663
TRAIN,gs://gg_bearings_flanged_dataset/08fdp404_revagen2-2019-12-19T10:57:10.932Z.jpg,Flange_Diameter,0.1452381,0.41414142,0.25357142,0.41414142,0.25357142,0.65824914,0.1452381,0.65824914
TRAIN,gs://gg_bearings_flanged_dataset/08fdp404_revagen2-2019-12-19T10:57:10.932Z.jpg,OD_ChamferAngle,0.039285716,0.15656565,0.09642857,0.15656565,0.09642857,0.30471382,0.039285716,0.30471382
TRAIN,gs://gg_bearings_flanged_dataset/08fdp404_revagen2-2019-12-19T10:57:10.932Z.jpg,OD_ChamferLength,0.11785714,0.20875421,0.26904762,0.20875421,0.26904762,0.2777778,0.11785714,0.2777778
TRAIN,gs://gg_bearings_flanged_dataset/08fdp404_revagen2-2019-12-19T10:57:10.932Z.jpg,Flange_BendRadius,0.29642856,0.41750842,0.4642857,0.41750842,0.4642857,0.7070707,0.29642856,0.7070707
TRAIN,gs://gg_bearings_flanged_dataset/08fdp404_revagen2-2019-12-19T10:57:10.932Z.jpg,Length_And_FlangeThickness,0.16309524,0.28956228,0.44880953,0.28956228,0.44880953,0.4023569,0.16309524,0.4023569
TRAIN,gs://gg_bearings_flanged_dataset/08fdp404_revagen2-2019-12-19T10:57:10.932Z.jpg,Assembly_Dimensions,0.30952382,0.033670034,0.68095237,0.033670034,0.68095237,0.17676768,0.30952382,0.17676768
TRAIN,gs://gg_bearings_flanged_dataset/08fdp404_revagen2-2019-12-19T10:57:10.932Z.jpg,Inspection_Procedure,0.7,0.033670034,0.97738093,0.033670034,0.97738093,0.2138047,0.7,0.2138047
TRAIN,gs://gg_bearings_flanged_dataset/pt$06fdp408$a$engen2-2019-12-19T10:57:10.932Z.jpg,Assembly_Dimensions,0.30833334,0.033670034,0.68214285,0.033670034,0.68214285,0.18013468,0.30833334,0.18013468
TRAIN,gs://gg_bearings_flanged_dataset/pt$06fdp408$a$engen2-2019-12-19T10:57:10.932Z.jpg,OD_ChamferAngle,0.046428572,0.16666667,0.1,0.16666667,0.1,0.3013468,0.046428572,0.3013468
TRAIN,gs://gg_bearings_flanged_dataset/pt$06fdp408$a$engen2-2019-12-19T10:57:10.932Z.jpg,ID_CornerBreak,0.123809524,0.04882155,0.3,0.04882155,0.3,0.13299663,0.123809524,0.13299663
TRAIN,gs://gg_bearings_flanged_dataset/pt$06fdp408$a$engen2-2019-12-19T10:57:10.932Z.jpg,table,0.5214286,0.7037037,0.97738093,0.7037037,0.97738093,0.9713805,0.5214286,0.9713805
TRAIN,gs://gg_bearings_flanged_dataset/pt$06fdp408$a$engen2-2019-12-19T10:57:10.932Z.jpg,Flange_BendRadius,0.29642856,0.41414142,0.48690477,0.41414142,0.48690477,0.67171717,0.29642856,0.67171717
TRAIN,gs://gg_bearings_flanged_dataset/pt$06fdp408$a$engen2-2019-12-19T10:57:10.932Z.jpg,Inspection_Procedure,0.70238096,0.03198653,0.975,0.03198653,0.975,0.21043772,0.70238096,0.21043772
TRAIN,gs://gg_bearings_flanged_dataset/pt$06fdp408$a$engen2-2019-12-19T10:57:10.932Z.jpg,Length_And_FlangeThickness,0.1404762,0.3030303,0.43928573,0.3030303,0.43928573,0.4074074,0.1404762,0.4074074
TRAIN,gs://gg_bearings_flanged_dataset/pt$06fdp408$a$engen2-2019-12-19T10:57:10.932Z.jpg,OD_ChamferLength,0.12261905,0.21548821,0.27380952,0.21548821,0.27380952,0.2929293,0.12261905,0.2929293
TRAIN,gs://gg_bearings_flanged_dataset/pt$06fdp408$a$engen2-2019-12-19T10:57:10.932Z.jpg,Index_And_Date,0.022619048,0.9141414,0.14285715,0.9141414,0.14285715,0.969697,0.022619048,0.969697
TRAIN,gs://gg_bearings_flanged_dataset/pt$06fdp408$a$engen2-2019-12-19T10:57:10.932Z.jpg,Flange_Diameter,0.12619048,0.41582492,0.23571429,0.41582492,0.23571429,0.63131315,0.12619048,0.63131315
TRAIN,gs://gg_bearings_flanged_dataset/04fdp405-s-x_reva-2019-12-19T10:01:04.953Z.jpg,ID_CornerBreak,0.123809524,0.07912458,0.2952381,0.07912458,0.2952381,0.13973063,0.123809524,0.13973063
TRAIN,gs://gg_bearings_flanged_dataset/04fdp405-s-x_reva-2019-12-19T10:01:04.953Z.jpg,Assembly_Dimensions,0.30833334,0.03198653,0.677381,0.03198653,0.677381,0.17508417,0.30833334,0.17508417
TRAIN,gs://gg_bearings_flanged_dataset/04fdp405-s-x_reva-2019-12-19T10:01:04.953Z.jpg,OD_ChamferLength,0.11785714,0.21212122,0.27142859,0.21212122,0.27142859,0.26936027,0.11785714,0.26936027
TRAIN,gs://gg_bearings_flanged_dataset/04fdp405-s-x_reva-2019-12-19T10:01:04.953Z.jpg,table,0.52380955,0.70538723,0.97738093,0.70538723,0.97738093,0.969697,0.52380955,0.969697
TRAIN,gs://gg_bearings_flanged_dataset/04fdp405-s-x_reva-2019-12-19T10:01:04.953Z.jpg,OD_ChamferAngle,0.03452381,0.16329966,0.09166667,0.16329966,0.09166667,0.2996633,0.03452381,0.2996633
TRAIN,gs://gg_bearings_flanged_dataset/04fdp405-s-x_reva-2019-12-19T10:01:04.953Z.jpg,Flange_Diameter,0.13452381,0.46127945,0.23333333,0.46127945,0.23333333,0.64141417,0.13452381,0.64141417
TRAIN,gs://gg_bearings_flanged_dataset/04fdp405-s-x_reva-2019-12-19T10:01:04.953Z.jpg,Inspection_Procedure,0.70238096,0.035353534,0.97738093,0.035353534,0.97738093,0.21212122,0.70238096,0.21212122
TRAIN,gs://gg_bearings_flanged_dataset/04fdp405-s-x_reva-2019-12-19T10:01:04.953Z.jpg,Length_And_FlangeThickness,0.19166666,0.34848484,0.3892857,0.34848484,0.3892857,0.46969697,0.19166666,0.46969697
TRAIN,gs://gg_bearings_flanged_dataset/04fdp405-s-x_reva-2019-12-19T10:01:04.953Z.jpg,Index_And_Date,0.022619048,0.9141414,0.14404762,0.9141414,0.14404762,0.96801347,0.022619048,0.96801347
TRAIN,gs://gg_bearings_flanged_dataset/04fdp405-s-x_reva-2019-12-19T10:01:04.953Z.jpg,Flange_BendRadius,0.28690475,0.47138047,0.45238096,0.47138047,0.45238096,0.66161615,0.28690475,0.66161615
TRAIN,gs://gg_bearings_flanged_dataset/20FDP420-S_RevA1-2019-12-09T06:43:25.717Z.png,table,0.5232019,0.704918,0.98027843,0.704918,0.98027843,0.9704918,0.5232019,0.9704918
TRAIN,gs://gg_bearings_flanged_dataset/20FDP420-S_RevA1-2019-12-09T06:43:25.717Z.png,Flange_BendRadius,0.26566124,0.4557377,0.4524362,0.4557377,0.4524362,0.6737705,0.26566124,0.6737705
TRAIN,gs://gg_bearings_flanged_dataset/20FDP420-S_RevA1-2019-12-09T06:43:25.717Z.png,Flange_Diameter,0.082366586,0.45081967,0.23433875,0.45081967,0.23433875,0.7327869,0.082366586,0.7327869
TRAIN,gs://gg_bearings_flanged_dataset/20FDP420-S_RevA1-2019-12-09T06:43:25.717Z.png,Inspection_Procedure,0.7030162,0.03442623,0.98027843,0.03442623,0.98027843,0.2147541,0.7030162,0.2147541
TRAIN,gs://gg_bearings_flanged_dataset/20FDP420-S_RevA1-2019-12-09T06:43:25.717Z.png,OD_ChamferAngle,0.04408353,0.20819671,0.14153132,0.20819671,0.14153132,0.3672131,0.04408353,0.3672131
TRAIN,gs://gg_bearings_flanged_dataset/20FDP420-S_RevA1-2019-12-09T06:43:25.717Z.png,Index_And_Date,0.022041764,0.9147541,0.14269142,0.9147541,0.14269142,0.9704918,0.022041764,0.9704918
TRAIN,gs://gg_bearings_flanged_dataset/20FDP420-S_RevA1-2019-12-09T06:43:25.717Z.png,Assembly_Dimensions,0.3085847,0.03442623,0.6809745,0.03442623,0.6809745,0.18032786,0.3085847,0.18032786
TRAIN,gs://gg_bearings_flanged_dataset/20FDP420-S_RevA1-2019-12-09T06:43:25.717Z.png,OD_ChamferLength,0.14153132,0.26393443,0.32830626,0.26393443,0.32830626,0.32459018,0.14153132,0.32459018
TRAIN,gs://gg_bearings_flanged_dataset/20FDP420-S_RevA1-2019-12-09T06:43:25.717Z.png,Length_And_FlangeThickness,0.15545243,0.35409835,0.4675174,0.35409835,0.4675174,0.45081967,0.15545243,0.45081967
TRAIN,gs://gg_bearings_flanged_dataset/20FDP420-S_RevA1-2019-12-09T06:43:25.717Z.png,ID_CornerBreak,0.14617169,0.119672135,0.30046403,0.119672135,0.30046403,0.20819671,0.14617169,0.20819671
TRAIN,gs://gg_bearings_flanged_dataset/06fdp406_revagen2-2019-12-19T10:57:10.931Z.jpg,ID_CornerBreak,0.10714286,0.065656565,0.2952381,0.065656565,0.2952381,0.13299663,0.10714286,0.13299663
TRAIN,gs://gg_bearings_flanged_dataset/06fdp406_revagen2-2019-12-19T10:57:10.931Z.jpg,Flange_BendRadius,0.30833334,0.41582492,0.49166667,0.41582492,0.49166667,0.6700337,0.30833334,0.6700337
TRAIN,gs://gg_bearings_flanged_dataset/06fdp406_revagen2-2019-12-19T10:57:10.931Z.jpg,Flange_Diameter,0.17619048,0.41414142,0.2809524,0.41414142,0.2809524,0.6212121,0.17619048,0.6212121
TRAIN,gs://gg_bearings_flanged_dataset/06fdp406_revagen2-2019-12-19T10:57:10.931Z.jpg,Inspection_Procedure,0.7011905,0.033670034,0.9785714,0.033670034,0.9785714,0.2138047,0.7011905,0.2138047
TRAIN,gs://gg_bearings_flanged_dataset/06fdp406_revagen2-2019-12-19T10:57:10.931Z.jpg,OD_ChamferLength,0.11309524,0.2138047,0.27261904,0.2138047,0.27261904,0.28787878,0.11309524,0.28787878
TRAIN,gs://gg_bearings_flanged_dataset/06fdp406_revagen2-2019-12-19T10:57:10.931Z.jpg,table,0.52261907,0.7037037,0.97738093,0.7037037,0.97738093,0.96801347,0.52261907,0.96801347
TRAIN,gs://gg_bearings_flanged_dataset/06fdp406_revagen2-2019-12-19T10:57:10.931Z.jpg,OD_ChamferAngle,0.027380953,0.15993266,0.09047619,0.15993266,0.09047619,0.2996633,0.027380953,0.2996633
TRAIN,gs://gg_bearings_flanged_dataset/06fdp406_revagen2-2019-12-19T10:57:10.931Z.jpg,Length_And_FlangeThickness,0.20238096,0.30808082,0.42738095,0.30808082,0.42738095,0.4023569,0.20238096,0.4023569
TRAIN,gs://gg_bearings_flanged_dataset/06fdp406_revagen2-2019-12-19T10:57:10.931Z.jpg,Assembly_Dimensions,0.30833334,0.03198653,0.68095237,0.03198653,0.68095237,0.18181819,0.30833334,0.18181819
TRAIN,gs://gg_bearings_flanged_dataset/06fdp406_revagen2-2019-12-19T10:57:10.931Z.jpg,Index_And_Date,0.022619048,0.9141414,0.14285715,0.9141414,0.14285715,0.96801347,0.022619048,0.96801347
TRAIN,gs://gg_bearings_flanged_dataset/20FDP420-S_RevB1-2019-12-09T06:43:25.717Z.png,Assembly_Dimensions,0.30974478,0.03442623,0.6809745,0.03442623,0.6809745,0.18032786,0.30974478,0.18032786
TRAIN,gs://gg_bearings_flanged_dataset/20FDP420-S_RevB1-2019-12-09T06:43:25.717Z.png,OD_ChamferAngle,0.034802783,0.20819671,0.13689095,0.20819671,0.13689095,0.36885247,0.034802783,0.36885247
TRAIN,gs://gg_bearings_flanged_dataset/20FDP420-S_RevB1-2019-12-09T06:43:25.717Z.png,Length_And_FlangeThickness,0.14617169,0.36557376,0.46055683,0.36557376,0.46055683,0.447541,0.14617169,0.447541
TRAIN,gs://gg_bearings_flanged_dataset/20FDP420-S_RevB1-2019-12-09T06:43:25.717Z.png,table,0.52436197,0.7065574,0.98027843,0.7065574,0.98027843,0.9704918,0.52436197,0.9704918
TRAIN,gs://gg_bearings_flanged_dataset/20FDP420-S_RevB1-2019-12-09T06:43:25.717Z.png,Inspection_Procedure,0.7030162,0.032786883,0.9767981,0.032786883,0.9767981,0.21311475,0.7030162,0.21311475
TRAIN,gs://gg_bearings_flanged_dataset/20FDP420-S_RevB1-2019-12-09T06:43:25.717Z.png,ID_CornerBreak,0.14037123,0.11311475,0.30278423,0.11311475,0.30278423,0.20327869,0.14037123,0.20327869
TRAIN,gs://gg_bearings_flanged_dataset/20FDP420-S_RevB1-2019-12-09T06:43:25.717Z.png,Flange_Diameter,0.077726215,0.45081967,0.23085847,0.45081967,0.23085847,0.742623,0.077726215,0.742623
TRAIN,gs://gg_bearings_flanged_dataset/20FDP420-S_RevB1-2019-12-09T06:43:25.717Z.png,OD_ChamferLength,0.13805105,0.2672131,0.33178654,0.2672131,0.33178654,0.31967214,0.13805105,0.31967214
TRAIN,gs://gg_bearings_flanged_dataset/20FDP420-S_RevB1-2019-12-09T06:43:25.717Z.png,Flange_BendRadius,0.2575406,0.45409837,0.4524362,0.45409837,0.4524362,0.6901639,0.2575406,0.6901639
TRAIN,gs://gg_bearings_flanged_dataset/20FDP420-S_RevB1-2019-12-09T06:43:25.717Z.png,Index_And_Date,0.023201857,0.9,0.1438515,0.9,0.1438515,0.96885246,0.023201857,0.96885246
TRAIN,gs://gg_bearings_flanged_dataset/pt$08fdp412$a$engen2-2019-12-19T10:57:10.932Z.jpg,Index_And_Date,0.022619048,0.9158249,0.14285715,0.9158249,0.14285715,0.96801347,0.022619048,0.96801347
TRAIN,gs://gg_bearings_flanged_dataset/pt$08fdp412$a$engen2-2019-12-19T10:57:10.932Z.jpg,Assembly_Dimensions,0.30833334,0.028619528,0.68095237,0.028619528,0.68095237,0.18181819,0.30833334,0.18181819
TRAIN,gs://gg_bearings_flanged_dataset/pt$08fdp412$a$engen2-2019-12-19T10:57:10.932Z.jpg,OD_ChamferLength,0.123809524,0.21548821,0.2809524,0.21548821,0.2809524,0.2777778,0.123809524,0.2777778
TRAIN,gs://gg_bearings_flanged_dataset/pt$08fdp412$a$engen2-2019-12-19T10:57:10.932Z.jpg,table,0.52380955,0.7020202,0.97738093,0.7020202,0.97738093,0.96633,0.52380955,0.96633
TRAIN,gs://gg_bearings_flanged_dataset/pt$08fdp412$a$engen2-2019-12-19T10:57:10.932Z.jpg,Flange_BendRadius,0.25,0.4107744,0.47619048,0.4107744,0.47619048,0.68350166,0.25,0.68350166
TRAIN,gs://gg_bearings_flanged_dataset/pt$08fdp412$a$engen2-2019-12-19T10:57:10.932Z.jpg,ID_CornerBreak,0.12738095,0.052188553,0.29761904,0.052188553,0.29761904,0.13299663,0.12738095,0.13299663
TRAIN,gs://gg_bearings_flanged_dataset/pt$08fdp412$a$engen2-2019-12-19T10:57:10.932Z.jpg,Inspection_Procedure,0.70238096,0.033670034,0.97380954,0.033670034,0.97380954,0.21212122,0.70238096,0.21212122
TRAIN,gs://gg_bearings_flanged_dataset/pt$08fdp412$a$engen2-2019-12-19T10:57:10.932Z.jpg,OD_ChamferAngle,0.036904763,0.17003366,0.092857145,0.17003366,0.092857145,0.3148148,0.036904763,0.3148148
TRAIN,gs://gg_bearings_flanged_dataset/pt$08fdp412$a$engen2-2019-12-19T10:57:10.932Z.jpg,Flange_Diameter,0.10595238,0.4107744,0.21785714,0.4107744,0.21785714,0.65824914,0.10595238,0.65824914
TRAIN,gs://gg_bearings_flanged_dataset/pt$08fdp412$a$engen2-2019-12-19T10:57:10.932Z.jpg,Length_And_FlangeThickness,0.1452381,0.32154882,0.4011905,0.32154882,0.4011905,0.4006734,0.1452381,0.4006734
TRAIN,gs://gg_bearings_flanged_dataset/08FDP412_RevA1-2019-12-09T06:43:25.717Z.png,Flange_BendRadius,0.25174013,0.42459017,0.44083527,0.42459017,0.44083527,0.69344264,0.25174013,0.69344264
TRAIN,gs://gg_bearings_flanged_dataset/08FDP412_RevA1-2019-12-09T06:43:25.717Z.png,ID_CornerBreak,0.118329465,0.05409836,0.29930395,0.05409836,0.29930395,0.1295082,0.118329465,0.1295082
TRAIN,gs://gg_bearings_flanged_dataset/08FDP412_RevA1-2019-12-09T06:43:25.717Z.png,Assembly_Dimensions,0.30974478,0.031147541,0.6809745,0.031147541,0.6809745,0.18196721,0.30974478,0.18196721
TRAIN,gs://gg_bearings_flanged_dataset/08FDP412_RevA1-2019-12-09T06:43:25.717Z.png,OD_ChamferLength,0.122969836,0.2147541,0.28654292,0.2147541,0.28654292,0.28196722,0.122969836,0.28196722
TRAIN,gs://gg_bearings_flanged_dataset/08FDP412_RevA1-2019-12-09T06:43:25.717Z.png,table,0.52436197,0.7065574,0.97911835,0.7065574,0.97911835,0.96885246,0.52436197,0.96885246
TRAIN,gs://gg_bearings_flanged_dataset/08FDP412_RevA1-2019-12-09T06:43:25.717Z.png,Flange_Diameter,0.113689095,0.42459017,0.21577726,0.42459017,0.21577726,0.64262295,0.113689095,0.64262295
TRAIN,gs://gg_bearings_flanged_dataset/08FDP412_RevA1-2019-12-09T06:43:25.717Z.png,Index_And_Date,0.023201857,0.9147541,0.14153132,0.9147541,0.14153132,0.96885246,0.023201857,0.96885246
TRAIN,gs://gg_bearings_flanged_dataset/08FDP412_RevA1-2019-12-09T06:43:25.717Z.png,Inspection_Procedure,0.70185614,0.032786883,0.98027843,0.032786883,0.98027843,0.21147542,0.70185614,0.21147542
TRAIN,gs://gg_bearings_flanged_dataset/08FDP412_RevA1-2019-12-09T06:43:25.717Z.png,OD_ChamferAngle,0.032482598,0.16885246,0.091647334,0.16885246,0.091647334,0.31967214,0.032482598,0.31967214
TRAIN,gs://gg_bearings_flanged_dataset/08FDP412_RevA1-2019-12-09T06:43:25.717Z.png,Length_And_FlangeThickness,0.14733179,0.3114754,0.40255222,0.3114754,0.40255222,0.41147542,0.14733179,0.41147542
TRAIN,gs://gg_bearings_flanged_dataset/pt$08fdp412$a$en-2019-12-19T10:01:04.954Z.jpg,Flange_Diameter,0.10952381,0.4124579,0.21785714,0.4124579,0.21785714,0.6515151,0.10952381,0.6515151
TRAIN,gs://gg_bearings_flanged_dataset/pt$08fdp412$a$en-2019-12-19T10:01:04.954Z.jpg,table,0.5214286,0.7037037,0.9785714,0.7037037,0.9785714,0.969697,0.5214286,0.969697
TRAIN,gs://gg_bearings_flanged_dataset/pt$08fdp412$a$en-2019-12-19T10:01:04.954Z.jpg,Flange_BendRadius,0.2547619,0.42255893,0.46071428,0.42255893,0.46071428,0.6969697,0.2547619,0.6969697
TRAIN,gs://gg_bearings_flanged_dataset/pt$08fdp412$a$en-2019-12-19T10:01:04.954Z.jpg,Length_And_FlangeThickness,0.1404762,0.32154882,0.4202381,0.32154882,0.4202381,0.4074074,0.1404762,0.4074074
TRAIN,gs://gg_bearings_flanged_dataset/pt$08fdp412$a$en-2019-12-19T10:01:04.954Z.jpg,ID_CornerBreak,0.12857144,0.053872053,0.29880953,0.053872053,0.29880953,0.13299663,0.12857144,0.13299663
TRAIN,gs://gg_bearings_flanged_dataset/pt$08fdp412$a$en-2019-12-19T10:01:04.954Z.jpg,OD_ChamferAngle,0.030952381,0.15993266,0.08809524,0.15993266,0.08809524,0.3131313,0.030952381,0.3131313
TRAIN,gs://gg_bearings_flanged_dataset/pt$08fdp412$a$en-2019-12-19T10:01:04.954Z.jpg,Inspection_Procedure,0.70238096,0.033670034,0.975,0.033670034,0.975,0.2138047,0.70238096,0.2138047
TRAIN,gs://gg_bearings_flanged_dataset/pt$08fdp412$a$en-2019-12-19T10:01:04.954Z.jpg,Assembly_Dimensions,0.30714285,0.033670034,0.68214285,0.033670034,0.68214285,0.17508417,0.30714285,0.17508417
TRAIN,gs://gg_bearings_flanged_dataset/pt$08fdp412$a$en-2019-12-19T10:01:04.954Z.jpg,Index_And_Date,0.022619048,0.9141414,0.14166667,0.9141414,0.14166667,0.96464646,0.022619048,0.96464646
TRAIN,gs://gg_bearings_flanged_dataset/pt$08fdp412$a$en-2019-12-19T10:01:04.954Z.jpg,OD_ChamferLength,0.125,0.2138047,0.27261904,0.2138047,0.27261904,0.27946126,0.125,0.27946126
TRAIN,gs://gg_bearings_flanged_dataset/18fdu06-s-x_revagen2-2019-12-19T10:57:10.932Z.jpg,Index_And_Date,0.022619048,0.9158249,0.14642857,0.9158249,0.14642857,0.969697,0.022619048,0.969697
TRAIN,gs://gg_bearings_flanged_dataset/18fdu06-s-x_revagen2-2019-12-19T10:57:10.932Z.jpg,ID_CornerBreak,0.13214286,0.052188553,0.30119047,0.052188553,0.30119047,0.124579124,0.13214286,0.124579124
TRAIN,gs://gg_bearings_flanged_dataset/18fdu06-s-x_revagen2-2019-12-19T10:57:10.932Z.jpg,OD_ChamferLength,0.13690476,0.24579124,0.25833333,0.24579124,0.25833333,0.32154882,0.13690476,0.32154882
TRAIN,gs://gg_bearings_flanged_dataset/18fdu06-s-x_revagen2-2019-12-19T10:57:10.932Z.jpg,Inspection_Procedure,0.7011905,0.03198653,0.97619045,0.03198653,0.97619045,0.21212122,0.7011905,0.21212122
TRAIN,gs://gg_bearings_flanged_dataset/18fdu06-s-x_revagen2-2019-12-19T10:57:10.932Z.jpg,Flange_BendRadius,0.35357141,0.3855219,0.51547617,0.3855219,0.51547617,0.6784512,0.35357141,0.6784512
TRAIN,gs://gg_bearings_flanged_dataset/18fdu06-s-x_revagen2-2019-12-19T10:57:10.932Z.jpg,Assembly_Dimensions,0.30714285,0.03198653,0.68095237,0.03198653,0.68095237,0.18181819,0.30714285,0.18181819
TRAIN,gs://gg_bearings_flanged_dataset/18fdu06-s-x_revagen2-2019-12-19T10:57:10.932Z.jpg,Length_And_FlangeThickness,0.24880952,0.2946128,0.52380955,0.2946128,0.52380955,0.37542087,0.24880952,0.37542087
TRAIN,gs://gg_bearings_flanged_dataset/18fdu06-s-x_revagen2-2019-12-19T10:57:10.932Z.jpg,OD_ChamferAngle,0.048809525,0.21043772,0.13452381,0.21043772,0.13452381,0.36026937,0.048809525,0.36026937
TRAIN,gs://gg_bearings_flanged_dataset/18fdu06-s-x_revagen2-2019-12-19T10:57:10.932Z.jpg,table,0.52380955,0.7020202,0.9797619,0.7020202,0.9797619,0.96801347,0.52380955,0.96801347
TRAIN,gs://gg_bearings_flanged_dataset/06fdp408-2019-12-19T10:01:04.954Z.jpg,OD_ChamferAngle,0.046428572,0.16835018,0.098809525,0.16835018,0.098809525,0.3030303,0.046428572,0.3030303
TRAIN,gs://gg_bearings_flanged_dataset/06fdp408-2019-12-19T10:01:04.954Z.jpg,Inspection_Procedure,0.7011905,0.033670034,0.975,0.033670034,0.975,0.21212122,0.7011905,0.21212122
TRAIN,gs://gg_bearings_flanged_dataset/06fdp408-2019-12-19T10:01:04.954Z.jpg,Index_And_Date,0.023809524,0.9141414,0.14404762,0.9141414,0.14404762,0.96801347,0.023809524,0.96801347
TRAIN,gs://gg_bearings_flanged_dataset/06fdp408-2019-12-19T10:01:04.954Z.jpg,Length_And_FlangeThickness,0.18214285,0.30808082,0.42857143,0.30808082,0.42857143,0.4074074,0.18214285,0.4074074
TRAIN,gs://gg_bearings_flanged_dataset/06fdp408-2019-12-19T10:01:04.954Z.jpg,Flange_Diameter,0.12738095,0.42087543,0.22857143,0.42087543,0.22857143,0.6212121,0.12738095,0.6212121
TRAIN,gs://gg_bearings_flanged_dataset/06fdp408-2019-12-19T10:01:04.954Z.jpg,ID_CornerBreak,0.12857144,0.04882155,0.29880953,0.04882155,0.29880953,0.13636364,0.12857144,0.13636364
TRAIN,gs://gg_bearings_flanged_dataset/06fdp408-2019-12-19T10:01:04.954Z.jpg,Assembly_Dimensions,0.30952382,0.03198653,0.68214285,0.03198653,0.68214285,0.17676768,0.30952382,0.17676768
TRAIN,gs://gg_bearings_flanged_dataset/06fdp408-2019-12-19T10:01:04.954Z.jpg,table,0.52380955,0.70538723,0.9785714,0.70538723,0.9785714,0.969697,0.52380955,0.969697
TRAIN,gs://gg_bearings_flanged_dataset/06fdp408-2019-12-19T10:01:04.954Z.jpg,Flange_BendRadius,0.29880953,0.41582492,0.48690477,0.41582492,0.48690477,0.67171717,0.29880953,0.67171717
TRAIN,gs://gg_bearings_flanged_dataset/06fdp408-2019-12-19T10:01:04.954Z.jpg,OD_ChamferLength,0.123809524,0.2138047,0.2809524,0.2138047,0.2809524,0.2946128,0.123809524,0.2946128
TRAIN,gs://gg_bearings_flanged_dataset/04fdp405-s-x_revagen2-2019-12-19T10:57:10.931Z.jpg,Assembly_Dimensions,0.30595237,0.028619528,0.6785714,0.028619528,0.6785714,0.17845118,0.30595237,0.17845118
TRAIN,gs://gg_bearings_flanged_dataset/04fdp405-s-x_revagen2-2019-12-19T10:57:10.931Z.jpg,Flange_BendRadius,0.2904762,0.46969697,0.45,0.46969697,0.45,0.6885522,0.2904762,0.6885522
TRAIN,gs://gg_bearings_flanged_dataset/04fdp405-s-x_revagen2-2019-12-19T10:57:10.931Z.jpg,table,0.5202381,0.70538723,0.9785714,0.70538723,0.9785714,0.969697,0.5202381,0.969697
TRAIN,gs://gg_bearings_flanged_dataset/04fdp405-s-x_revagen2-2019-12-19T10:57:10.931Z.jpg,OD_ChamferLength,0.11666667,0.21043772,0.29404762,0.21043772,0.29404762,0.2777778,0.11666667,0.2777778
TRAIN,gs://gg_bearings_flanged_dataset/04fdp405-s-x_revagen2-2019-12-19T10:57:10.931Z.jpg,Index_And_Date,0.022619048,0.9141414,0.14285715,0.9141414,0.14285715,0.96801347,0.022619048,0.96801347
TRAIN,gs://gg_bearings_flanged_dataset/04fdp405-s-x_revagen2-2019-12-19T10:57:10.931Z.jpg,Inspection_Procedure,0.70238096,0.035353534,0.9785714,0.035353534,0.9785714,0.21212122,0.70238096,0.21212122
TRAIN,gs://gg_bearings_flanged_dataset/04fdp405-s-x_revagen2-2019-12-19T10:57:10.931Z.jpg,Flange_Diameter,0.13333334,0.46296296,0.2297619,0.46296296,0.2297619,0.63131315,0.13333334,0.63131315
TRAIN,gs://gg_bearings_flanged_dataset/04fdp405-s-x_revagen2-2019-12-19T10:57:10.931Z.jpg,OD_ChamferAngle,0.03214286,0.16835018,0.09642857,0.16835018,0.09642857,0.30471382,0.03214286,0.30471382
TRAIN,gs://gg_bearings_flanged_dataset/04fdp405-s-x_revagen2-2019-12-19T10:57:10.931Z.jpg,Length_And_FlangeThickness,0.18928571,0.34511784,0.3702381,0.34511784,0.3702381,0.46801347,0.18928571,0.46801347
TRAIN,gs://gg_bearings_flanged_dataset/04fdp405-s-x_revagen2-2019-12-19T10:57:10.931Z.jpg,ID_CornerBreak,0.11785714,0.08080808,0.29404762,0.08080808,0.29404762,0.14141414,0.11785714,0.14141414
TRAIN,gs://gg_bearings_flanged_dataset/pt$08fdp404$a$engen2-2019-12-19T10:57:10.932Z.jpg,ID_CornerBreak,0.11505508,0.053633217,0.2998776,0.053633217,0.2998776,0.13494809,0.11505508,0.13494809
TRAIN,gs://gg_bearings_flanged_dataset/pt$08fdp404$a$engen2-2019-12-19T10:57:10.932Z.jpg,Inspection_Procedure,0.69889843,0.022491349,0.97919214,0.022491349,0.97919214,0.21799308,0.69889843,0.21799308
TRAIN,gs://gg_bearings_flanged_dataset/pt$08fdp404$a$engen2-2019-12-19T10:57:10.932Z.jpg,Assembly_Dimensions,0.30599755,0.025951557,0.68298656,0.025951557,0.68298656,0.17993079,0.30599755,0.17993079
TRAIN,gs://gg_bearings_flanged_dataset/pt$08fdp404$a$engen2-2019-12-19T10:57:10.932Z.jpg,Flange_Diameter,0.14198287,0.4186851,0.2631579,0.4186851,0.2631579,0.6453287,0.14198287,0.6453287
TRAIN,gs://gg_bearings_flanged_dataset/pt$08fdp404$a$engen2-2019-12-19T10:57:10.932Z.jpg,OD_ChamferAngle,0.04528764,0.16608997,0.08812729,0.16608997,0.08812729,0.30795848,0.04528764,0.30795848
TRAIN,gs://gg_bearings_flanged_dataset/pt$08fdp404$a$engen2-2019-12-19T10:57:10.932Z.jpg,Index_And_Date,0.023255814,0.9100346,0.14687882,0.9100346,0.14687882,0.97231835,0.023255814,0.97231835
TRAIN,gs://gg_bearings_flanged_dataset/pt$08fdp404$a$engen2-2019-12-19T10:57:10.932Z.jpg,OD_ChamferLength,0.124847,0.21972318,0.2729498,0.21972318,0.2729498,0.2733564,0.124847,0.2733564
TRAIN,gs://gg_bearings_flanged_dataset/pt$08fdp404$a$engen2-2019-12-19T10:57:10.932Z.jpg,table,0.51897186,0.6937716,0.9804162,0.6937716,0.9804162,0.97231835,0.51897186,0.97231835
TRAIN,gs://gg_bearings_flanged_dataset/pt$08fdp404$a$engen2-2019-12-19T10:57:10.932Z.jpg,Flange_BendRadius,0.2864137,0.4186851,0.4602203,0.4186851,0.4602203,0.6885813,0.2864137,0.6885813
TRAIN,gs://gg_bearings_flanged_dataset/pt$08fdp404$a$engen2-2019-12-19T10:57:10.932Z.jpg,Length_And_FlangeThickness,0.17135863,0.29757786,0.4724602,0.29757786,0.4724602,0.4117647,0.17135863,0.4117647
TRAIN,gs://gg_bearings_flanged_dataset/12fdp3109-s_revagen2-2019-12-19T10:57:10.932Z.jpg,Assembly_Dimensions,0.30722153,0.024221454,0.67931455,0.024221454,0.67931455,0.1816609,0.30722153,0.1816609
TRAIN,gs://gg_bearings_flanged_dataset/12fdp3109-s_revagen2-2019-12-19T10:57:10.932Z.jpg,OD_ChamferLength,0.12117503,0.21799308,0.2729498,0.21799308,0.2729498,0.2750865,0.12117503,0.2750865
TRAIN,gs://gg_bearings_flanged_dataset/12fdp3109-s_revagen2-2019-12-19T10:57:10.932Z.jpg,table,0.51897186,0.69550174,0.97919214,0.69550174,0.97919214,0.97231835,0.51897186,0.97231835
TRAIN,gs://gg_bearings_flanged_dataset/12fdp3109-s_revagen2-2019-12-19T10:57:10.932Z.jpg,OD_ChamferAngle,0.046511628,0.17128028,0.09669523,0.17128028,0.09669523,0.29584774,0.046511628,0.29584774
TRAIN,gs://gg_bearings_flanged_dataset/12fdp3109-s_revagen2-2019-12-19T10:57:10.932Z.jpg,Flange_Diameter,0.13341494,0.36851212,0.249694,0.36851212,0.249694,0.69031143,0.13341494,0.69031143
TRAIN,gs://gg_bearings_flanged_dataset/12fdp3109-s_revagen2-2019-12-19T10:57:10.932Z.jpg,Index_And_Date,0.024479805,0.9100346,0.14687882,0.9100346,0.14687882,0.9705882,0.024479805,0.9705882
TRAIN,gs://gg_bearings_flanged_dataset/12fdp3109-s_revagen2-2019-12-19T10:57:10.932Z.jpg,Length_And_FlangeThickness,0.14565483,0.27854672,0.40391678,0.27854672,0.40391678,0.37716264,0.14565483,0.37716264
TRAIN,gs://gg_bearings_flanged_dataset/12fdp3109-s_revagen2-2019-12-19T10:57:10.932Z.jpg,Flange_BendRadius,0.2607099,0.38062283,0.41615668,0.38062283,0.41615668,0.7231834,0.2607099,0.7231834
TRAIN,gs://gg_bearings_flanged_dataset/12fdp3109-s_revagen2-2019-12-19T10:57:10.932Z.jpg,ID_CornerBreak,0.12729499,0.065743946,0.2998776,0.065743946,0.2998776,0.1401384,0.12729499,0.1401384
TRAIN,gs://gg_bearings_flanged_dataset/12fdp3109-s_revagen2-2019-12-19T10:57:10.932Z.jpg,Inspection_Procedure,0.69522643,0.031141868,0.9755202,0.031141868,0.9755202,0.21280277,0.69522643,0.21280277
TRAIN,gs://gg_bearings_flanged_dataset/08FDP3108-S-X_RevA1-2019-12-09T06:43:25.717Z.png,Inspection_Procedure,0.7030162,0.03442623,0.97911835,0.03442623,0.97911835,0.21639344,0.7030162,0.21639344
TRAIN,gs://gg_bearings_flanged_dataset/08FDP3108-S-X_RevA1-2019-12-09T06:43:25.717Z.png,OD_ChamferLength,0.118329465,0.23278688,0.26914153,0.23278688,0.26914153,0.29344264,0.118329465,0.29344264
TRAIN,gs://gg_bearings_flanged_dataset/08FDP3108-S-X_RevA1-2019-12-09T06:43:25.717Z.png,table,0.5232019,0.704918,0.9767981,0.704918,0.9767981,0.9655738,0.5232019,0.9655738
TRAIN,gs://gg_bearings_flanged_dataset/08FDP3108-S-X_RevA1-2019-12-09T06:43:25.717Z.png,Flange_Diameter,0.1276102,0.42786884,0.225058,0.42786884,0.225058,0.6459016,0.1276102,0.6459016
TRAIN,gs://gg_bearings_flanged_dataset/08FDP3108-S-X_RevA1-2019-12-09T06:43:25.717Z.png,ID_CornerBreak,0.11948956,0.05901639,0.29582366,0.05901639,0.29582366,0.13442624,0.11948956,0.13442624
TRAIN,gs://gg_bearings_flanged_dataset/08FDP3108-S-X_RevA1-2019-12-09T06:43:25.717Z.png,Length_And_FlangeThickness,0.1786543,0.31967214,0.40835267,0.31967214,0.40835267,0.41639343,0.1786543,0.41639343
TRAIN,gs://gg_bearings_flanged_dataset/08FDP3108-S-X_RevA1-2019-12-09T06:43:25.717Z.png,Index_And_Date,0.023201857,0.91639346,0.14269142,0.91639346,0.14269142,0.9704918,0.023201857,0.9704918
TRAIN,gs://gg_bearings_flanged_dataset/08FDP3108-S-X_RevA1-2019-12-09T06:43:25.717Z.png,Flange_BendRadius,0.27146173,0.42459017,0.4651972,0.42459017,0.4651972,0.69508195,0.27146173,0.69508195
TRAIN,gs://gg_bearings_flanged_dataset/08FDP3108-S-X_RevA1-2019-12-09T06:43:25.717Z.png,OD_ChamferAngle,0.046403714,0.16393442,0.10672854,0.16393442,0.10672854,0.29508197,0.046403714,0.29508197
TRAIN,gs://gg_bearings_flanged_dataset/08FDP3108-S-X_RevA1-2019-12-09T06:43:25.717Z.png,Assembly_Dimensions,0.3085847,0.032786883,0.6809745,0.032786883,0.6809745,0.18196721,0.3085847,0.18196721
TRAIN,gs://gg_bearings_flanged_dataset/06fdp408_revagen2-2019-12-19T10:57:10.931Z.jpg,Assembly_Dimensions,0.30477357,0.029411765,0.68053854,0.029411765,0.68053854,0.1816609,0.30477357,0.1816609
TRAIN,gs://gg_bearings_flanged_dataset/06fdp408_revagen2-2019-12-19T10:57:10.931Z.jpg,Inspection_Procedure,0.7001224,0.031141868,0.97796816,0.031141868,0.97796816,0.21280277,0.7001224,0.21280277
TRAIN,gs://gg_bearings_flanged_dataset/06fdp408_revagen2-2019-12-19T10:57:10.931Z.jpg,Index_And_Date,0.019583844,0.9100346,0.14565483,0.9100346,0.14565483,0.9705882,0.019583844,0.9705882
TRAIN,gs://gg_bearings_flanged_dataset/06fdp408_revagen2-2019-12-19T10:57:10.931Z.jpg,Flange_Diameter,0.12362301,0.4186851,0.22888617,0.4186851,0.22888617,0.61764705,0.12362301,0.61764705
TRAIN,gs://gg_bearings_flanged_dataset/06fdp408_revagen2-2019-12-19T10:57:10.931Z.jpg,OD_ChamferAngle,0.047735617,0.1764706,0.09791922,0.1764706,0.09791922,0.30622837,0.047735617,0.30622837
TRAIN,gs://gg_bearings_flanged_dataset/06fdp408_revagen2-2019-12-19T10:57:10.931Z.jpg,OD_ChamferLength,0.12362301,0.23702422,0.26927784,0.23702422,0.26927784,0.28373703,0.12362301,0.28373703
TRAIN,gs://gg_bearings_flanged_dataset/06fdp408_revagen2-2019-12-19T10:57:10.931Z.jpg,table,0.51897186,0.69031143,0.98164016,0.69031143,0.98164016,0.9757785,0.51897186,0.9757785
TRAIN,gs://gg_bearings_flanged_dataset/06fdp408_revagen2-2019-12-19T10:57:10.931Z.jpg,Flange_BendRadius,0.28029376,0.4152249,0.45410037,0.4152249,0.45410037,0.6574395,0.28029376,0.6574395
TRAIN,gs://gg_bearings_flanged_dataset/06fdp408_revagen2-2019-12-19T10:57:10.931Z.jpg,ID_CornerBreak,0.12239902,0.05017301,0.30599755,0.05017301,0.30599755,0.13148789,0.12239902,0.13148789
TRAIN,gs://gg_bearings_flanged_dataset/06fdp408_revagen2-2019-12-19T10:57:10.931Z.jpg,Length_And_FlangeThickness,0.16646267,0.29411766,0.44186047,0.29411766,0.44186047,0.4117647,0.16646267,0.4117647
TRAIN,gs://gg_bearings_flanged_dataset/20fdp420-s_revagen2-2019-12-19T10:57:10.932Z.jpg,Inspection_Procedure,0.7013464,0.027681662,0.9804162,0.027681662,0.9804162,0.21799308,0.7013464,0.21799308
TRAIN,gs://gg_bearings_flanged_dataset/20fdp420-s_revagen2-2019-12-19T10:57:10.932Z.jpg,Index_And_Date,0.024479805,0.9100346,0.14565483,0.9100346,0.14565483,0.9705882,0.024479805,0.9705882
TRAIN,gs://gg_bearings_flanged_dataset/20fdp420-s_revagen2-2019-12-19T10:57:10.932Z.jpg,Assembly_Dimensions,0.30844554,0.027681662,0.6817625,0.027681662,0.6817625,0.183391,0.30844554,0.183391
TRAIN,gs://gg_bearings_flanged_dataset/20fdp420-s_revagen2-2019-12-19T10:57:10.932Z.jpg,OD_ChamferAngle,0.040391676,0.20415226,0.13463892,0.20415226,0.13463892,0.3702422,0.040391676,0.3702422
TRAIN,gs://gg_bearings_flanged_dataset/20fdp420-s_revagen2-2019-12-19T10:57:10.932Z.jpg,Flange_Diameter,0.070991434,0.44809687,0.22031824,0.44809687,0.22031824,0.7231834,0.070991434,0.7231834
TRAIN,gs://gg_bearings_flanged_dataset/20fdp420-s_revagen2-2019-12-19T10:57:10.932Z.jpg,table,0.52019584,0.69550174,0.97919214,0.69550174,0.97919214,0.9653979,0.52019584,0.9653979
TRAIN,gs://gg_bearings_flanged_dataset/20fdp420-s_revagen2-2019-12-19T10:57:10.932Z.jpg,OD_ChamferLength,0.14320685,0.26124567,0.3133415,0.26124567,0.3133415,0.3217993,0.14320685,0.3217993
TRAIN,gs://gg_bearings_flanged_dataset/20fdp420-s_revagen2-2019-12-19T10:57:10.932Z.jpg,Length_And_FlangeThickness,0.15667075,0.3581315,0.47001225,0.3581315,0.47001225,0.45328718,0.15667075,0.45328718
TRAIN,gs://gg_bearings_flanged_dataset/20fdp420-s_revagen2-2019-12-19T10:57:10.932Z.jpg,ID_CornerBreak,0.14687882,0.121107265,0.30599755,0.121107265,0.30599755,0.19896194,0.14687882,0.19896194
TRAIN,gs://gg_bearings_flanged_dataset/20fdp420-s_revagen2-2019-12-19T10:57:10.932Z.jpg,Flange_BendRadius,0.26927784,0.4550173,0.4357405,0.4550173,0.4357405,0.6799308,0.26927784,0.6799308
TRAIN,gs://gg_bearings_flanged_dataset/20fdp420-s_revbgen2-2019-12-19T10:57:10.932Z.jpg,Length_And_FlangeThickness,0.15422277,0.3702422,0.4602203,0.3702422,0.4602203,0.4463668,0.15422277,0.4463668
TRAIN,gs://gg_bearings_flanged_dataset/20fdp420-s_revbgen2-2019-12-19T10:57:10.932Z.jpg,Assembly_Dimensions,0.30844554,0.025951557,0.68053854,0.025951557,0.68053854,0.183391,0.30844554,0.183391
TRAIN,gs://gg_bearings_flanged_dataset/20fdp420-s_revbgen2-2019-12-19T10:57:10.932Z.jpg,Flange_Diameter,0.08812729,0.44117647,0.23500612,0.44117647,0.23500612,0.7231834,0.08812729,0.7231834
TRAIN,gs://gg_bearings_flanged_dataset/20fdp420-s_revbgen2-2019-12-19T10:57:10.932Z.jpg,table,0.5226438,0.6972318,0.97919214,0.6972318,0.97919214,0.97231835,0.5226438,0.97231835
TRAIN,gs://gg_bearings_flanged_dataset/20fdp420-s_revbgen2-2019-12-19T10:57:10.932Z.jpg,Flange_BendRadius,0.2631579,0.45328718,0.4369645,0.45328718,0.4369645,0.6747405,0.2631579,0.6747405
TRAIN,gs://gg_bearings_flanged_dataset/20fdp420-s_revbgen2-2019-12-19T10:57:10.932Z.jpg,ID_CornerBreak,0.14687882,0.12283737,0.30354956,0.12283737,0.30354956,0.20069204,0.14687882,0.20069204
TRAIN,gs://gg_bearings_flanged_dataset/20fdp420-s_revbgen2-2019-12-19T10:57:10.932Z.jpg,Index_And_Date,0.023255814,0.89619374,0.14320685,0.89619374,0.14320685,0.9688581,0.023255814,0.9688581
TRAIN,gs://gg_bearings_flanged_dataset/20fdp420-s_revbgen2-2019-12-19T10:57:10.932Z.jpg,OD_ChamferLength,0.14320685,0.26643598,0.31578946,0.26643598,0.31578946,0.316609,0.14320685,0.316609
TRAIN,gs://gg_bearings_flanged_dataset/20fdp420-s_revbgen2-2019-12-19T10:57:10.932Z.jpg,Inspection_Procedure,0.69889843,0.032871973,0.98164016,0.032871973,0.98164016,0.21799308,0.69889843,0.21799308
TRAIN,gs://gg_bearings_flanged_dataset/20fdp420-s_revbgen2-2019-12-19T10:57:10.932Z.jpg,OD_ChamferAngle,0.04895961,0.20588236,0.13219094,0.20588236,0.13219094,0.366782,0.04895961,0.366782
TRAIN,gs://gg_bearings_flanged_dataset/12FDP3109-S-X_RevA1-2019-12-09T06:43:25.717Z.png,table,0.52204174,0.7065574,0.98027843,0.7065574,0.98027843,0.96885246,0.52204174,0.96885246
TRAIN,gs://gg_bearings_flanged_dataset/12FDP3109-S-X_RevA1-2019-12-09T06:43:25.717Z.png,OD_ChamferLength,0.12064965,0.21147542,0.26682135,0.21147542,0.26682135,0.27213115,0.12064965,0.27213115
TRAIN,gs://gg_bearings_flanged_dataset/12FDP3109-S-X_RevA1-2019-12-09T06:43:25.717Z.png,ID_CornerBreak,0.12645012,0.055737704,0.29814386,0.055737704,0.29814386,0.14262295,0.12645012,0.14262295
TRAIN,gs://gg_bearings_flanged_dataset/12FDP3109-S-X_RevA1-2019-12-09T06:43:25.717Z.png,Flange_Diameter,0.1287703,0.3852459,0.2424594,0.3852459,0.2424594,0.68360656,0.1287703,0.68360656
TRAIN,gs://gg_bearings_flanged_dataset/12FDP3109-S-X_RevA1-2019-12-09T06:43:25.717Z.png,Inspection_Procedure,0.7030162,0.032786883,0.97795826,0.032786883,0.97795826,0.21147542,0.7030162,0.21147542
TRAIN,gs://gg_bearings_flanged_dataset/12FDP3109-S-X_RevA1-2019-12-09T06:43:25.717Z.png,Index_And_Date,0.02436195,0.91639346,0.14153132,0.91639346,0.14153132,0.96885246,0.02436195,0.96885246
TRAIN,gs://gg_bearings_flanged_dataset/12FDP3109-S-X_RevA1-2019-12-09T06:43:25.717Z.png,Length_And_FlangeThickness,0.12529002,0.27704918,0.4153132,0.27704918,0.4153132,0.3786885,0.12529002,0.3786885
TRAIN,gs://gg_bearings_flanged_dataset/12FDP3109-S-X_RevA1-2019-12-09T06:43:25.717Z.png,OD_ChamferAngle,0.041763343,0.1557377,0.10440835,0.1557377,0.10440835,0.3065574,0.041763343,0.3065574
TRAIN,gs://gg_bearings_flanged_dataset/12FDP3109-S-X_RevA1-2019-12-09T06:43:25.717Z.png,Flange_BendRadius,0.26682135,0.3852459,0.4338747,0.3852459,0.4338747,0.7327869,0.26682135,0.7327869
TRAIN,gs://gg_bearings_flanged_dataset/12FDP3109-S-X_RevA1-2019-12-09T06:43:25.717Z.png,Assembly_Dimensions,0.3085847,0.032786883,0.6809745,0.032786883,0.6809745,0.18196721,0.3085847,0.18196721
VALIDATION,gs://gg_bearings_flanged_dataset/08fdp3108_revagen2-2019-12-19T10:57:10.932Z.jpg,ID_CornerBreak,0.12851897,0.048442908,0.30354956,0.048442908,0.30354956,0.12975779,0.12851897,0.12975779
VALIDATION,gs://gg_bearings_flanged_dataset/08fdp3108_revagen2-2019-12-19T10:57:10.932Z.jpg,Flange_BendRadius,0.2619339,0.4186851,0.4357405,0.4186851,0.4357405,0.6885813,0.2619339,0.6885813
VALIDATION,gs://gg_bearings_flanged_dataset/08fdp3108_revagen2-2019-12-19T10:57:10.932Z.jpg,Length_And_FlangeThickness,0.15667075,0.29411766,0.39902082,0.29411766,0.39902082,0.4065744,0.15667075,0.4065744
VALIDATION,gs://gg_bearings_flanged_dataset/08fdp3108_revagen2-2019-12-19T10:57:10.932Z.jpg,table,0.51897186,0.6972318,0.98164016,0.6972318,0.98164016,0.96712804,0.51897186,0.96712804
VALIDATION,gs://gg_bearings_flanged_dataset/08fdp3108_revagen2-2019-12-19T10:57:10.932Z.jpg,OD_ChamferLength,0.12607099,0.2283737,0.28029376,0.2283737,0.28029376,0.28892735,0.12607099,0.28892735
VALIDATION,gs://gg_bearings_flanged_dataset/08fdp3108_revagen2-2019-12-19T10:57:10.932Z.jpg,Index_And_Date,0.024479805,0.9100346,0.14443085,0.9100346,0.14443085,0.9688581,0.024479805,0.9688581
VALIDATION,gs://gg_bearings_flanged_dataset/08fdp3108_revagen2-2019-12-19T10:57:10.932Z.jpg,Inspection_Procedure,0.69889843,0.031141868,0.98164016,0.031141868,0.98164016,0.21107267,0.69889843,0.21107267
VALIDATION,gs://gg_bearings_flanged_dataset/08fdp3108_revagen2-2019-12-19T10:57:10.932Z.jpg,Assembly_Dimensions,0.30722153,0.024221454,0.68298656,0.024221454,0.68298656,0.183391,0.30722153,0.183391
VALIDATION,gs://gg_bearings_flanged_dataset/08fdp3108_revagen2-2019-12-19T10:57:10.932Z.jpg,OD_ChamferAngle,0.05385557,0.17128028,0.101591185,0.17128028,0.101591185,0.30622837,0.05385557,0.30622837
VALIDATION,gs://gg_bearings_flanged_dataset/08fdp3108_revagen2-2019-12-19T10:57:10.932Z.jpg,Flange_Diameter,0.13219094,0.4134948,0.23500612,0.4134948,0.23500612,0.6574395,0.13219094,0.6574395
VALIDATION,gs://gg_bearings_flanged_dataset/06FDP406_RevA1-2019-12-09T06:43:25.717Z.png,Assembly_Dimensions,0.3085847,0.032786883,0.6798144,0.032786883,0.6798144,0.18196721,0.3085847,0.18196721
VALIDATION,gs://gg_bearings_flanged_dataset/06FDP406_RevA1-2019-12-09T06:43:25.717Z.png,Index_And_Date,0.023201857,0.9114754,0.14153132,0.9114754,0.14153132,0.9704918,0.023201857,0.9704918
VALIDATION,gs://gg_bearings_flanged_dataset/06FDP406_RevA1-2019-12-09T06:43:25.717Z.png,OD_ChamferAngle,0.034802783,0.1590164,0.09512761,0.1590164,0.09512761,0.30327868,0.034802783,0.30327868
VALIDATION,gs://gg_bearings_flanged_dataset/06FDP406_RevA1-2019-12-09T06:43:25.717Z.png,ID_CornerBreak,0.118329465,0.055737704,0.2900232,0.055737704,0.2900232,0.13442624,0.118329465,0.13442624
VALIDATION,gs://gg_bearings_flanged_dataset/06FDP406_RevA1-2019-12-09T06:43:25.717Z.png,Flange_BendRadius,0.29930395,0.42295083,0.48839906,0.42295083,0.48839906,0.66885245,0.29930395,0.66885245
VALIDATION,gs://gg_bearings_flanged_dataset/06FDP406_RevA1-2019-12-09T06:43:25.717Z.png,Inspection_Procedure,0.7030162,0.032786883,0.98027843,0.032786883,0.98027843,0.20983607,0.7030162,0.20983607
VALIDATION,gs://gg_bearings_flanged_dataset/06FDP406_RevA1-2019-12-09T06:43:25.717Z.png,table,0.5232019,0.704918,0.97911835,0.704918,0.97911835,0.96885246,0.5232019,0.96885246
VALIDATION,gs://gg_bearings_flanged_dataset/06FDP406_RevA1-2019-12-09T06:43:25.717Z.png,Length_And_FlangeThickness,0.16357309,0.29344264,0.46403712,0.29344264,0.46403712,0.41147542,0.16357309,0.41147542
VALIDATION,gs://gg_bearings_flanged_dataset/06FDP406_RevA1-2019-12-09T06:43:25.717Z.png,OD_ChamferLength,0.112529,0.22131148,0.25986078,0.22131148,0.25986078,0.2852459,0.112529,0.2852459
VALIDATION,gs://gg_bearings_flanged_dataset/06FDP406_RevA1-2019-12-09T06:43:25.717Z.png,Flange_Diameter,0.17401393,0.42459017,0.27958238,0.42459017,0.27958238,0.61639345,0.17401393,0.61639345
VALIDATION,gs://gg_bearings_flanged_dataset/12FDP3109-S_RevA1-2019-12-09T06:43:25.717Z.png,Inspection_Procedure,0.7030162,0.032786883,0.97911835,0.032786883,0.97911835,0.2147541,0.7030162,0.2147541
VALIDATION,gs://gg_bearings_flanged_dataset/12FDP3109-S_RevA1-2019-12-09T06:43:25.717Z.png,ID_CornerBreak,0.12064965,0.06557377,0.29814386,0.06557377,0.29814386,0.13934426,0.12064965,0.13934426
VALIDATION,gs://gg_bearings_flanged_dataset/12FDP3109-S_RevA1-2019-12-09T06:43:25.717Z.png,Flange_Diameter,0.1450116,0.3885246,0.24593967,0.3885246,0.24593967,0.7081967,0.1450116,0.7081967
VALIDATION,gs://gg_bearings_flanged_dataset/12FDP3109-S_RevA1-2019-12-09T06:43:25.717Z.png,OD_ChamferLength,0.122969836,0.22131148,0.2761021,0.22131148,0.2761021,0.27540985,0.122969836,0.27540985
VALIDATION,gs://gg_bearings_flanged_dataset/12FDP3109-S_RevA1-2019-12-09T06:43:25.717Z.png,table,0.52204174,0.70327866,0.98027843,0.70327866,0.98027843,0.9704918,0.52204174,0.9704918
VALIDATION,gs://gg_bearings_flanged_dataset/12FDP3109-S_RevA1-2019-12-09T06:43:25.717Z.png,Length_And_FlangeThickness,0.14153132,0.28360656,0.41995358,0.28360656,0.41995358,0.38196722,0.14153132,0.38196722
VALIDATION,gs://gg_bearings_flanged_dataset/12FDP3109-S_RevA1-2019-12-09T06:43:25.717Z.png,Index_And_Date,0.02436195,0.91639346,0.13921113,0.91639346,0.13921113,0.96885246,0.02436195,0.96885246
VALIDATION,gs://gg_bearings_flanged_dataset/12FDP3109-S_RevA1-2019-12-09T06:43:25.717Z.png,OD_ChamferAngle,0.04988399,0.17704917,0.105568446,0.17704917,0.105568446,0.3065574,0.04988399,0.3065574
VALIDATION,gs://gg_bearings_flanged_dataset/12FDP3109-S_RevA1-2019-12-09T06:43:25.717Z.png,Flange_BendRadius,0.26218098,0.3852459,0.4338747,0.3852459,0.4338747,0.7311475,0.26218098,0.7311475
VALIDATION,gs://gg_bearings_flanged_dataset/12FDP3109-S_RevA1-2019-12-09T06:43:25.717Z.png,Assembly_Dimensions,0.3085847,0.03442623,0.6786543,0.03442623,0.6786543,0.18032786,0.3085847,0.18032786
TRAIN,gs://gg_bearings_flanged_dataset/06fdp406-2019-12-19T10:01:04.954Z.jpg,OD_ChamferLength,0.11383109,0.2249135,0.2631579,0.2249135,0.2631579,0.28719723,0.11383109,0.28719723
TRAIN,gs://gg_bearings_flanged_dataset/06fdp406-2019-12-19T10:01:04.954Z.jpg,Index_And_Date,0.024479805,0.916955,0.14443085,0.916955,0.14443085,0.9688581,0.024479805,0.9688581
TRAIN,gs://gg_bearings_flanged_dataset/06fdp406-2019-12-19T10:01:04.954Z.jpg,OD_ChamferAngle,0.039167687,0.16782007,0.08935128,0.16782007,0.08935128,0.29411766,0.039167687,0.29411766
TRAIN,gs://gg_bearings_flanged_dataset/06fdp406-2019-12-19T10:01:04.954Z.jpg,Length_And_FlangeThickness,0.19706242,0.30622837,0.41615668,0.30622837,0.41615668,0.4186851,0.19706242,0.4186851
TRAIN,gs://gg_bearings_flanged_dataset/06fdp406-2019-12-19T10:01:04.954Z.jpg,Assembly_Dimensions,0.30722153,0.024221454,0.68298656,0.024221454,0.68298656,0.183391,0.30722153,0.183391
TRAIN,gs://gg_bearings_flanged_dataset/06fdp406-2019-12-19T10:01:04.954Z.jpg,Flange_Diameter,0.18359853,0.42560554,0.2741738,0.42560554,0.2741738,0.61245674,0.18359853,0.61245674
TRAIN,gs://gg_bearings_flanged_dataset/06fdp406-2019-12-19T10:01:04.954Z.jpg,ID_CornerBreak,0.11383109,0.048442908,0.29375765,0.048442908,0.29375765,0.13494809,0.11383109,0.13494809
TRAIN,gs://gg_bearings_flanged_dataset/06fdp406-2019-12-19T10:01:04.954Z.jpg,table,0.5238678,0.70242214,0.97919214,0.70242214,0.97919214,0.9705882,0.5238678,0.9705882
TRAIN,gs://gg_bearings_flanged_dataset/06fdp406-2019-12-19T10:01:04.954Z.jpg,Inspection_Procedure,0.69889843,0.032871973,0.97919214,0.032871973,0.97919214,0.21626298,0.69889843,0.21626298
TRAIN,gs://gg_bearings_flanged_dataset/06fdp406-2019-12-19T10:01:04.954Z.jpg,Flange_BendRadius,0.3011016,0.42733565,0.4651163,0.42733565,0.4651163,0.66089964,0.3011016,0.66089964
TEST,gs://gg_bearings_flanged_dataset/pt$08fdp404$a$en-2019-12-19T10:01:04.954Z.jpg,Flange_Diameter,0.15177478,0.40484428,0.2619339,0.40484428,0.2619339,0.66089964,0.15177478,0.66089964
TEST,gs://gg_bearings_flanged_dataset/pt$08fdp404$a$en-2019-12-19T10:01:04.954Z.jpg,Inspection_Procedure,0.7011905,0.033670034,0.975,0.033670034,0.975,0.2138047,0.7011905,0.2138047
TEST,gs://gg_bearings_flanged_dataset/pt$08fdp404$a$en-2019-12-19T10:01:04.954Z.jpg,Assembly_Dimensions,0.30714285,0.03198653,0.6785714,0.03198653,0.6785714,0.18181819,0.30714285,0.18181819
TEST,gs://gg_bearings_flanged_dataset/pt$08fdp404$a$en-2019-12-19T10:01:04.954Z.jpg,Length_And_FlangeThickness,0.18115056,0.30622837,0.44186047,0.30622837,0.44186047,0.3979239,0.18115056,0.3979239
TEST,gs://gg_bearings_flanged_dataset/pt$08fdp404$a$en-2019-12-19T10:01:04.954Z.jpg,table,0.51897186,0.6972318,0.9804162,0.6972318,0.9804162,0.97404844,0.51897186,0.97404844
TEST,gs://gg_bearings_flanged_dataset/pt$08fdp404$a$en-2019-12-19T10:01:04.954Z.jpg,OD_ChamferAngle,0.044063646,0.16262975,0.08812729,0.16262975,0.08812729,0.28719723,0.044063646,0.28719723
TEST,gs://gg_bearings_flanged_dataset/pt$08fdp404$a$en-2019-12-19T10:01:04.954Z.jpg,Flange_BendRadius,0.28151774,0.4117647,0.45532435,0.4117647,0.45532435,0.6868512,0.28151774,0.6868512
TEST,gs://gg_bearings_flanged_dataset/pt$08fdp404$a$en-2019-12-19T10:01:04.954Z.jpg,Index_And_Date,0.023255814,0.9100346,0.14687882,0.9100346,0.14687882,0.9688581,0.023255814,0.9688581
TEST,gs://gg_bearings_flanged_dataset/pt$08fdp404$a$en-2019-12-19T10:01:04.954Z.jpg,ID_CornerBreak,0.11750306,0.055363324,0.29375765,0.055363324,0.29375765,0.13148789,0.11750306,0.13148789
TEST,gs://gg_bearings_flanged_dataset/pt$08fdp404$a$en-2019-12-19T10:01:04.954Z.jpg,OD_ChamferLength,0.11995104,0.21799308,0.26682988,0.21799308,0.26682988,0.2750865,0.11995104,0.2750865
TEST,gs://gg_bearings_flanged_dataset/08fdp3108_reva-2019-12-19T10:01:04.954Z.jpg,Assembly_Dimensions,0.30844554,0.029411765,0.68298656,0.029411765,0.68298656,0.183391,0.30844554,0.183391
TEST,gs://gg_bearings_flanged_dataset/08fdp3108_reva-2019-12-19T10:01:04.954Z.jpg,Inspection_Procedure,0.7013464,0.031141868,0.97796816,0.031141868,0.97796816,0.21626298,0.7013464,0.21626298
TEST,gs://gg_bearings_flanged_dataset/08fdp3108_reva-2019-12-19T10:01:04.954Z.jpg,Index_And_Date,0.024479805,0.9152249,0.14810282,0.9152249,0.14810282,0.9688581,0.024479805,0.9688581
TEST,gs://gg_bearings_flanged_dataset/08fdp3108_reva-2019-12-19T10:01:04.954Z.jpg,Flange_Diameter,0.13096695,0.4134948,0.24357405,0.4134948,0.24357405,0.6557093,0.13096695,0.6557093
TEST,gs://gg_bearings_flanged_dataset/08fdp3108_reva-2019-12-19T10:01:04.954Z.jpg,OD_ChamferAngle,0.05263158,0.16955018,0.09791922,0.16955018,0.09791922,0.30103806,0.05263158,0.30103806
TEST,gs://gg_bearings_flanged_dataset/08fdp3108_reva-2019-12-19T10:01:04.954Z.jpg,OD_ChamferLength,0.12729499,0.23356402,0.2753978,0.23356402,0.2753978,0.29238755,0.12729499,0.29238755
TEST,gs://gg_bearings_flanged_dataset/08fdp3108_reva-2019-12-19T10:01:04.954Z.jpg,table,0.5214198,0.6989619,0.98164016,0.6989619,0.98164016,0.9705882,0.5214198,0.9705882
TEST,gs://gg_bearings_flanged_dataset/08fdp3108_reva-2019-12-19T10:01:04.954Z.jpg,Flange_BendRadius,0.27172583,0.4186851,0.4369645,0.4186851,0.4369645,0.6885813,0.27172583,0.6885813
TEST,gs://gg_bearings_flanged_dataset/08fdp3108_reva-2019-12-19T10:01:04.954Z.jpg,ID_CornerBreak,0.13096695,0.051903114,0.30354956,0.051903114,0.30354956,0.13321799,0.13096695,0.13321799
TEST,gs://gg_bearings_flanged_dataset/08fdp3108_reva-2019-12-19T10:01:04.954Z.jpg,Length_And_FlangeThickness,0.14565483,0.30276817,0.40146878,0.30276817,0.40146878,0.4083045,0.14565483,0.4083045
TEST,gs://gg_bearings_flanged_dataset/06fdp406gen2-2019-12-19T10:57:10.931Z.jpg,OD_ChamferAngle,0.042839658,0.16782007,0.085679315,0.16782007,0.085679315,0.29584774,0.042839658,0.29584774
TEST,gs://gg_bearings_flanged_dataset/06fdp406gen2-2019-12-19T10:57:10.931Z.jpg,Flange_Diameter,0.18115056,0.42387542,0.28396574,0.42387542,0.28396574,0.61764705,0.18115056,0.61764705
TEST,gs://gg_bearings_flanged_dataset/06fdp406gen2-2019-12-19T10:57:10.931Z.jpg,Assembly_Dimensions,0.30844554,0.031141868,0.6854345,0.031141868,0.6854345,0.183391,0.30844554,0.183391
TEST,gs://gg_bearings_flanged_dataset/06fdp406gen2-2019-12-19T10:57:10.931Z.jpg,Inspection_Procedure,0.7013464,0.025951557,0.97919214,0.025951557,0.97919214,0.21626298,0.7013464,0.21626298
TEST,gs://gg_bearings_flanged_dataset/06fdp406gen2-2019-12-19T10:57:10.931Z.jpg,Index_And_Date,0.023255814,0.9100346,0.14810282,0.9100346,0.14810282,0.97231835,0.023255814,0.97231835
TEST,gs://gg_bearings_flanged_dataset/06fdp406gen2-2019-12-19T10:57:10.931Z.jpg,Length_And_FlangeThickness,0.18604651,0.30968857,0.41126072,0.30968857,0.41126072,0.4134948,0.18604651,0.4134948
TEST,gs://gg_bearings_flanged_dataset/06fdp406gen2-2019-12-19T10:57:10.931Z.jpg,Flange_BendRadius,0.30354956,0.42560554,0.46634027,0.42560554,0.46634027,0.66089964,0.30354956,0.66089964
TEST,gs://gg_bearings_flanged_dataset/06fdp406gen2-2019-12-19T10:57:10.931Z.jpg,ID_CornerBreak,0.10648715,0.051903114,0.2876377,0.051903114,0.2876377,0.13494809,0.10648715,0.13494809
TEST,gs://gg_bearings_flanged_dataset/06fdp406gen2-2019-12-19T10:57:10.931Z.jpg,OD_ChamferLength,0.11383109,0.2283737,0.26805386,0.2283737,0.26805386,0.29065743,0.11383109,0.29065743
TEST,gs://gg_bearings_flanged_dataset/06fdp406gen2-2019-12-19T10:57:10.931Z.jpg,table,0.5238678,0.70069206,0.9804162,0.70069206,0.9804162,0.97231835,0.5238678,0.97231835
TEST,gs://gg_bearings_flanged_dataset/08fdp3108-s-x_revagen2-2019-12-19T10:57:10.932Z.jpg,Flange_Diameter,0.12974297,0.4117647,0.2252142,0.4117647,0.2252142,0.65916955,0.12974297,0.65916955
TEST,gs://gg_bearings_flanged_dataset/08fdp3108-s-x_revagen2-2019-12-19T10:57:10.932Z.jpg,OD_ChamferAngle,0.047735617,0.16608997,0.09547123,0.16608997,0.09547123,0.30103806,0.047735617,0.30103806
TEST,gs://gg_bearings_flanged_dataset/08fdp3108-s-x_revagen2-2019-12-19T10:57:10.932Z.jpg,Inspection_Procedure,0.7001224,0.032871973,0.98164016,0.032871973,0.98164016,0.21626298,0.7001224,0.21626298
TEST,gs://gg_bearings_flanged_dataset/08fdp3108-s-x_revagen2-2019-12-19T10:57:10.932Z.jpg,Index_And_Date,0.022031823,0.9100346,0.14443085,0.9100346,0.14443085,0.97231835,0.022031823,0.97231835
TEST,gs://gg_bearings_flanged_dataset/08fdp3108-s-x_revagen2-2019-12-19T10:57:10.932Z.jpg,Assembly_Dimensions,0.30844554,0.031141868,0.68053854,0.031141868,0.68053854,0.1816609,0.30844554,0.1816609
TEST,gs://gg_bearings_flanged_dataset/08fdp3108-s-x_revagen2-2019-12-19T10:57:10.932Z.jpg,Flange_BendRadius,0.26927784,0.42387542,0.42717257,0.42387542,0.42717257,0.6920415,0.26927784,0.6920415
TEST,gs://gg_bearings_flanged_dataset/08fdp3108-s-x_revagen2-2019-12-19T10:57:10.932Z.jpg,ID_CornerBreak,0.12239902,0.062283736,0.2986536,0.062283736,0.2986536,0.1366782,0.12239902,0.1366782
TEST,gs://gg_bearings_flanged_dataset/08fdp3108-s-x_revagen2-2019-12-19T10:57:10.932Z.jpg,Length_And_FlangeThickness,0.16523868,0.3217993,0.4002448,0.3217993,0.4002448,0.4134948,0.16523868,0.4134948
TEST,gs://gg_bearings_flanged_dataset/08fdp3108-s-x_revagen2-2019-12-19T10:57:10.932Z.jpg,table,0.5214198,0.6989619,0.98286414,0.6989619,0.98286414,0.9688581,0.5214198,0.9688581
TEST,gs://gg_bearings_flanged_dataset/08fdp3108-s-x_revagen2-2019-12-19T10:57:10.932Z.jpg,OD_ChamferLength,0.12117503,0.2318339,0.26682988,0.2318339,0.26682988,0.28719723,0.12117503,0.28719723
TEST,gs://gg_bearings_flanged_dataset/18FDU06-S-X_RevA1-2019-12-09T06:43:25.717Z.png,Assembly_Dimensions,0.30974478,0.031147541,0.6798144,0.031147541,0.6798144,0.18032786,0.30974478,0.18032786
TEST,gs://gg_bearings_flanged_dataset/18FDU06-S-X_RevA1-2019-12-09T06:43:25.717Z.png,OD_ChamferAngle,0.04408353,0.20327869,0.13689095,0.20327869,0.13689095,0.36885247,0.04408353,0.36885247
TEST,gs://gg_bearings_flanged_dataset/18FDU06-S-X_RevA1-2019-12-09T06:43:25.717Z.png,table,0.52204174,0.7065574,0.97795826,0.7065574,0.97795826,0.9704918,0.52204174,0.9704918
TEST,gs://gg_bearings_flanged_dataset/18FDU06-S-X_RevA1-2019-12-09T06:43:25.717Z.png,Flange_BendRadius,0.3399072,0.41147542,0.5348028,0.41147542,0.5348028,0.6819672,0.3399072,0.6819672
TEST,gs://gg_bearings_flanged_dataset/18FDU06-S-X_RevA1-2019-12-09T06:43:25.717Z.png,Length_And_FlangeThickness,0.25290024,0.29016393,0.5359629,0.29016393,0.5359629,0.38688526,0.25290024,0.38688526
TEST,gs://gg_bearings_flanged_dataset/18FDU06-S-X_RevA1-2019-12-09T06:43:25.717Z.png,Inspection_Procedure,0.7030162,0.03442623,0.97795826,0.03442623,0.97795826,0.2147541,0.7030162,0.2147541
TEST,gs://gg_bearings_flanged_dataset/18FDU06-S-X_RevA1-2019-12-09T06:43:25.717Z.png,OD_ChamferLength,0.13805105,0.2557377,0.26682135,0.2557377,0.26682135,0.3262295,0.13805105,0.3262295
TEST,gs://gg_bearings_flanged_dataset/18FDU06-S-X_RevA1-2019-12-09T06:43:25.717Z.png,Index_And_Date,0.023201857,0.91639346,0.1438515,0.91639346,0.1438515,0.9704918,0.023201857,0.9704918
TEST,gs://gg_bearings_flanged_dataset/18FDU06-S-X_RevA1-2019-12-09T06:43:25.717Z.png,ID_CornerBreak,0.1287703,0.047540985,0.30394432,0.047540985,0.30394432,0.12295082,0.1287703,0.12295082
TEST,gs://gg_bearings_flanged_dataset/12fdp3109-s-x_revagen2-2019-12-19T10:57:10.932Z.jpg,Inspection_Procedure,0.7001224,0.029411765,0.97919214,0.029411765,0.97919214,0.21453287,0.7001224,0.21453287
TEST,gs://gg_bearings_flanged_dataset/12fdp3109-s-x_revagen2-2019-12-19T10:57:10.932Z.jpg,OD_ChamferAngle,0.050183598,0.17301038,0.09791922,0.17301038,0.09791922,0.30449826,0.050183598,0.30449826
TEST,gs://gg_bearings_flanged_dataset/12fdp3109-s-x_revagen2-2019-12-19T10:57:10.932Z.jpg,ID_CornerBreak,0.11627907,0.065743946,0.2986536,0.065743946,0.2986536,0.14186852,0.11627907,0.14186852
TEST,gs://gg_bearings_flanged_dataset/12fdp3109-s-x_revagen2-2019-12-19T10:57:10.932Z.jpg,Flange_Diameter,0.14687882,0.37716264,0.24847001,0.37716264,0.24847001,0.7041522,0.14687882,0.7041522
TEST,gs://gg_bearings_flanged_dataset/12fdp3109-s-x_revagen2-2019-12-19T10:57:10.932Z.jpg,table,0.5238678,0.70242214,0.97919214,0.70242214,0.97919214,0.9705882,0.5238678,0.9705882
TEST,gs://gg_bearings_flanged_dataset/12fdp3109-s-x_revagen2-2019-12-19T10:57:10.932Z.jpg,Flange_BendRadius,0.27050182,0.37197232,0.42105263,0.37197232,0.42105263,0.7266436,0.27050182,0.7266436
TEST,gs://gg_bearings_flanged_dataset/12fdp3109-s-x_revagen2-2019-12-19T10:57:10.932Z.jpg,Index_And_Date,0.024479805,0.9134948,0.14443085,0.9134948,0.14443085,0.9688581,0.024479805,0.9688581
TEST,gs://gg_bearings_flanged_dataset/12fdp3109-s-x_revagen2-2019-12-19T10:57:10.932Z.jpg,OD_ChamferLength,0.12239902,0.21972318,0.2766218,0.21972318,0.2766218,0.2733564,0.12239902,0.2733564
TEST,gs://gg_bearings_flanged_dataset/12fdp3109-s-x_revagen2-2019-12-19T10:57:10.932Z.jpg,Length_And_FlangeThickness,0.13586292,0.2768166,0.40636474,0.2768166,0.40636474,0.37370244,0.13586292,0.37370244
TEST,gs://gg_bearings_flanged_dataset/12fdp3109-s-x_revagen2-2019-12-19T10:57:10.932Z.jpg,Assembly_Dimensions,0.30844554,0.029411765,0.6817625,0.029411765,0.6817625,0.183391,0.30844554,0.183391
